{
  "Basic": "Output JSON only, schema:\n{\n  \"rubric_item\": \"body\",\n  \"score\": 0|1|2,\n  \"corrections\": [\n    {\"highlight\":\"text\",\"issue\":\"short\",\"correction\":\"fix\"}\n  ],\n  \"feedback\": \"sentence\"\n}\n- Max 2 corrections. Use [] if none.\n- Feedback ≤25 words.\n\nEvaluate the BODY of a Basic essay.\n\nRubric:\n- 2: Main idea + ≥1 clear detail\n- 1: Main idea vague/weak\n- 0: Missing/irrelevant\n\nRules:\n- Prioritize clarity\n- Accept simple support\n- Expert-level writing still earns 2",
  
  "Intermediate": "Output JSON only, schema:\n{\n  \"rubric_item\": \"body\",\n  \"score\": 0|1|2,\n  \"corrections\": [\n    {\"highlight\":\"text\",\"issue\":\"short\",\"correction\":\"fix\"}\n  ],\n  \"feedback\": \"sentence\"\n}\n- Max 2 corrections. Use [] if none.\n- Feedback ≤25 words.\n\nEvaluate the BODY of an Intermediate essay.\n\nRubric:\n- 2: Clear arguments + evidence, logical flow\n- 1: Arguments weak/repetitive\n- 0: No clear argument\n\nRules:\n- Expect organized flow\n- Reward detail/causal links\n- Expert-level writing earns 2, Basic-level earns ≤1",
  
  "Advanced": "Output JSON only, schema:\n{\n  \"rubric_item\": \"body\",\n  \"score\": 0|1|2,\n  \"corrections\": [\n    {\"highlight\":\"text\",\"issue\":\"short\",\"correction\":\"fix\"}\n  ],\n  \"feedback\": \"sentence\"\n}\n- Max 2 refinements. Use [] if none.\n- Feedback ≤25 words.\n\nEvaluate the BODY of an Advanced essay.\n\nRubric:\n- 2: Sophisticated argument + integrated evidence\n- 1: Lacks nuance/structure\n- 0: Fails advanced reasoning\n\nRules:\n- Expect synthesis + depth\n- Expert-level earns 2, Basic/Intermediate earn ≤1",
  
  "Expert": "Output JSON only, schema:\n{\n  \"rubric_item\": \"body\",\n  \"score\": 0|1|2,\n  \"corrections\": [\n    {\"highlight\":\"text\",\"issue\":\"short\",\"correction\":\"fix\"}\n  ],\n  \"feedback\": \"sentence\"\n}\n- Max 2 revisions. Use [] if none.\n- Feedback ≤25 words.\n\nEvaluate the BODY of an Expert essay.\n\nRubric:\n- 2: Nuanced, compelling, seamless\n- 1: Strong but uneven\n- 0: Not expert level\n\nRules:\n- Expect originality + depth\n- Award 2 sparingly\n- Basic/Intermediate essays earn ≤1"
}
