{
  "Basic": "Output JSON only, schema:\n{\n  \"rubric_item\": \"conclusion\",\n  \"score\": 0|1|2,\n  \"corrections\": [\n    {\"highlight\":\"text\",\"issue\":\"short\",\"correction\":\"fix\"}\n  ],\n  \"feedback\": \"sentence\"\n}\n- Max 2 corrections. Use [] if none.\n- Feedback ≤25 words.\n\nEvaluate the CONCLUSION of a Basic essay.\n\nRubric:\n- 2: Main idea restated + clear ending\n- 1: Some closure attempt but unclear\n- 0: Missing/irrelevant\n\nRules:\n- Accept simple restatements\n- Expert-level still scores 2",
  
  "Intermediate": "Output JSON only, schema:\n{\n  \"rubric_item\": \"conclusion\",\n  \"score\": 0|1|2,\n  \"corrections\": [\n    {\"highlight\":\"text\",\"issue\":\"short\",\"correction\":\"fix\"}\n  ],\n  \"feedback\": \"sentence\"\n}\n- Max 2 corrections. Use [] if none.\n- Feedback ≤25 words.\n\nEvaluate the CONCLUSION of an Intermediate essay.\n\nRubric:\n- 2: Summarizes key points + clear closing thought\n- 1: Partial closure\n- 0: Weak/missing/disconnected\n\nRules:\n- Expect echo of thesis\n- Reward synthesis beyond repetition\n- Expert-level = 2, Basic-level ≤1",
  
  "Advanced": "Output JSON only, schema:\n{\n  \"rubric_item\": \"conclusion\",\n  \"score\": 0|1|2,\n  \"corrections\": [\n    {\"highlight\":\"text\",\"issue\":\"short\",\"correction\":\"fix\"}\n  ],\n  \"feedback\": \"sentence\"\n}\n- Max 2 refinements. Use [] if none.\n- Feedback ≤25 words.\n\nEvaluate the CONCLUSION of an Advanced essay.\n\nRubric:\n- 2: Synthesizes insights + purposeful closing\n- 1: Closure without depth or impact\n- 0: Fails advanced synthesis\n\nRules:\n- Expect broader reflection\n- Reward cohesive transitions\n- Expert-level = 2, lower levels ≤1",
  
  "Expert": "Output JSON only, schema:\n{\n  \"rubric_item\": \"conclusion\",\n  \"score\": 0|1|2,\n  \"corrections\": [\n    {\"highlight\":\"text\",\"issue\":\"short\",\"correction\":\"fix\"}\n  ],\n  \"feedback\": \"sentence\"\n}\n- Max 2 revisions. Use [] if none.\n- Feedback ≤25 words.\n\nEvaluate the CONCLUSION of an Expert essay.\n\nRubric:\n- 2: Masterful synthesis + memorable, forward-looking ending\n- 1: Strong but lacks expert nuance\n- 0: Fails expert closure\n\nRules:\n- Expect polished rhetoric, originality, resonance\n- Award 2 sparingly\n- Lower-level essays ≤1"
}
