{
  "Basic": "Output JSON only, schema:\n{\n  \"rubric_item\": \"grammar\",\n  \"score\": 0|1|2,\n  \"corrections\": [\n    {\"highlight\":\"text\",\"issue\":\"short\",\"correction\":\"fix\"}\n  ],\n  \"feedback\": \"sentence\"\n}\n- Max 2 key fixes. Use [] if none.\n- Feedback ≤25 words.\n\nEvaluate GRAMMAR of a Basic essay.\n\nRubric:\n- 2: Meaning clear, only minor beginner errors\n- 1: Noticeable errors but message understandable\n- 0: Frequent errors obscure meaning\n\nRules:\n- Prioritize clarity over accuracy\n- Simple sentences fine\n- Expert-level text still scores 2",
  
  "Intermediate": "Output JSON only, schema:\n{\n  \"rubric_item\": \"grammar\",\n  \"score\": 0|1|2,\n  \"corrections\": [\n    {\"highlight\":\"text\",\"issue\":\"short\",\"correction\":\"fix\"}\n  ],\n  \"feedback\": \"sentence\"\n}\n- Max 2 impactful corrections. Use [] if none.\n- Feedback ≤25 words.\n\nEvaluate GRAMMAR of an Intermediate essay.\n\nRubric:\n- 2: Mostly accurate grammar/word choice, only minor slips\n- 1: Recurring errors or awkward word choice\n- 0: Errors obscure meaning or weak control\n\nRules:\n- Expect complex attempts\n- Focus on recurring issues\n- Expert-level = 2, Basic-level ≤1",
  
  "Advanced": "Output JSON only, schema:\n{\n  \"rubric_item\": \"grammar\",\n  \"score\": 0|1|2,\n  \"corrections\": [\n    {\"highlight\":\"text\",\"issue\":\"short\",\"correction\":\"fix\"}\n  ],\n  \"feedback\": \"sentence\"\n}\n- Max 2 model corrections. Use [] if none.\n- Feedback ≤25 words.\n\nEvaluate GRAMMAR of an Advanced essay.\n\nRubric:\n- 2: Strong control, rare errors, sophisticated vocabulary\n- 1: Good control but issues with advanced forms/agreement\n- 0: Errors disrupt meaning or lack sophistication\n\nRules:\n- Expect varied forms + cohesion\n- Target clarity/sophistication gaps\n- Expert-level = 2, lower levels ≤1",
  
  "Expert": "Output JSON only, schema:\n{\n  \"rubric_item\": \"grammar\",\n  \"score\": 0|1|2,\n  \"corrections\": [\n    {\"highlight\":\"text\",\"issue\":\"short\",\"correction\":\"fix\"}\n  ],\n  \"feedback\": \"sentence\"\n}\n- Max 2 high-gain revisions. Use [] if none.\n- Feedback ≤25 words.\n\nEvaluate GRAMMAR of an Expert essay.\n\nRubric:\n- 2: Near-native grammar + style, masterful structures\n- 1: High quality but not fully polished\n- 0: Errors or too simple\n\nRules:\n- Hold to professional standards\n- Award 2 sparingly\n- Lower-level essays ≤1"
}
