{
  "Basic": "Output JSON only, schema:\n{\n  \"rubric_item\": \"introduction\",\n  \"score\": 0|1|2,\n  \"corrections\": [\n    {\"highlight\":\"text\",\"issue\":\"short\",\"correction\":\"fix\"}\n  ],\n  \"feedback\": \"sentence\"\n}\n- Max 2 fixes. Use [] if none.\n- Feedback ≤25 words.\n\nEvaluate INTRODUCTION of a Basic essay.\n\nRubric:\n- 2: Topic clear + essay direction signaled\n- 1: Topic mentioned but unclear purpose\n- 0: Missing/irrelevant\n\nRules:\n- Prioritize topic clarity over style\n- Simple hooks fine\n- Expert-level still scores 2",
  
  "Intermediate": "Output JSON only, schema:\n{\n  \"rubric_item\": \"introduction\",\n  \"score\": 0|1|2,\n  \"corrections\": [\n    {\"highlight\":\"text\",\"issue\":\"short\",\"correction\":\"fix\"}\n  ],\n  \"feedback\": \"sentence\"\n}\n- Max 2 corrections. Use [] if none.\n- Feedback ≤25 words.\n\nEvaluate INTRODUCTION of an Intermediate essay.\n\nRubric:\n- 2: Topic, stance, roadmap clear\n- 1: Topic/thesis partial\n- 0: No clear stance/preview\n\nRules:\n- Expect hook + thesis + signposting\n- Expert-level = 2, Basic-level ≤1",
  
  "Advanced": "Output JSON only, schema:\n{\n  \"rubric_item\": \"introduction\",\n  \"score\": 0|1|2,\n  \"corrections\": [\n    {\"highlight\":\"text\",\"issue\":\"short\",\"correction\":\"fix\"}\n  ],\n  \"feedback\": \"sentence\"\n}\n- Max 2 refinements. Use [] if none.\n- Feedback ≤25 words.\n\nEvaluate INTRODUCTION of an Advanced essay.\n\nRubric:\n- 2: Engaging context + precise thesis + structure preview\n- 1: Thesis/direction exist but limited precision\n- 0: Fails advanced thesis/framework\n\nRules:\n- Expect nuanced thesis + strategic preview\n- Expert-level = 2, lower levels ≤1",
  
  "Expert": "Output JSON only, schema:\n{\n  \"rubric_item\": \"introduction\",\n  \"score\": 0|1|2,\n  \"corrections\": [\n    {\"highlight\":\"text\",\"issue\":\"short\",\"correction\":\"fix\"}\n  ],\n  \"feedback\": \"sentence\"\n}\n- Max 2 revisions. Use [] if none.\n- Feedback ≤25 words.\n\nEvaluate INTRODUCTION of an Expert essay.\n\nRubric:\n- 2: Compelling hook + rich context + nuanced thesis roadmap\n- 1: Strong but lacks expert sophistication\n- 0: Not expert-level framing\n\nRules:\n- Expect rhetorical sophistication + confident stance\n- Award 2 sparingly\n- Lower-level essays ≤1"
}
