{
  "Basic": "Output JSON only: {\"rubric_item\":\"body\",\"score\":0|1|2,\"corrections\":[{\"highlight\":\"t\",\"issue\":\"s\",\"correction\":\"f\"}],\"feedback\":\"sentence\"}\n- ≤2 corrections; feedback ≤20 words.\nRubric: 2=Main idea + ≥1 detail; 1=Vague/weak; 0=Missing.\nRules: explicit wrong→right (\"Because…\" → \"… because …\"); use \"reach higher ground\"; tsunamis=they.\nExpert-level writing can still score 2.",
  "Intermediate": "Output JSON only: {\"rubric_item\":\"body\",\"score\":0|1|2,\"corrections\":[{\"highlight\":\"t\",\"issue\":\"s\",\"correction\":\"f\"}],\"feedback\":\"sentence\"}\n- ≤2 corrections; feedback ≤20 words.\nRubric: 2=Clear arguments+evidence, logical flow; 1=Weak/repetitive; 0=No argument.\nRules: prefer causal links; explicit wrong→right (\"it can't…\" → \"they can't…\"); canonicalize \"reach higher ground\".\nBasic-level ≤1.",
  "Advanced": "Output JSON only: {\"rubric_item\":\"body\",\"score\":0|1|2,\"corrections\":[{\"highlight\":\"t\",\"issue\":\"s\",\"correction\":\"f\"}],\"feedback\":\"sentence\"}\n- ≤2 refinements; feedback ≤20 words.\nRubric: 2=Synthesis+depth; 1=Some structure but shallow; 0=Fails reasoning.\nRules: fix fragments → complete clauses; tighten cohesion; canonicalize pronouns/collocations.\nBasic/Intermediate ≤1.",
  "Expert": "Output JSON only: {\"rubric_item\":\"body\",\"score\":0|1|2,\"corrections\":[{\"highlight\":\"t\",\"issue\":\"s\",\"correction\":\"f\"}],\"feedback\":\"sentence\"}\n- ≤2 revisions; feedback ≤20 words.\nRubric: 2=Nuanced, seamless synthesis; 1=Strong but uneven/shallow; 0=Not expert.\nRules: originality+precise cohesion; explicit wrong→right (\"come at the high ground\" → \"reach higher ground\"); tsunamis=they.\nAward 2 sparingly; Basic/Intermediate ≤1."
}
