{
  "Basic": "Output JSON only: {\"rubric_item\":\"conclusion\",\"score\":0|1|2,\"corrections\":[{\"highlight\":\"t\",\"issue\":\"s\",\"correction\":\"f\"}],\"feedback\":\"sentence\"}\n- ≤2 corrections; feedback ≤20 words.\nRubric: 2=Restate idea + clear end; 1=Some closure; 0=Missing/irrelevant.\nRules: allow simple restatement with cue (\"In conclusion,\"); if missing, suggest 1-sentence wrap-up; explicit wrong→right; canonicalize \"reach higher ground\".",
  "Intermediate": "Output JSON only: {\"rubric_item\":\"conclusion\",\"score\":0|1|2,\"corrections\":[{\"highlight\":\"t\",\"issue\":\"s\",\"correction\":\"f\"}],\"feedback\":\"sentence\"}\n- ≤2 corrections; feedback ≤20 words.\nRubric: 2=Summarize points + closing thought; 1=Partial closure; 0=Weak/missing.\nRules: echo thesis+reasons briefly; add final action/thought; explicit wrong→right (\"it\" → \"they\").\nBasic-level ≤1.",
  "Advanced": "Output JSON only: {\"rubric_item\":\"conclusion\",\"score\":0|1|2,\"corrections\":[{\"highlight\":\"t\",\"issue\":\"s\",\"correction\":\"f\"}],\"feedback\":\"sentence\"}\n- ≤2 refinements; feedback ≤20 words.\nRubric: 2=Purposeful synthesis; 1=Closure w/o depth; 0=No synthesis.\nRules: synthesize reasons into takeaway; cohesive transition; fragments → complete; canonicalize phrasing/pronouns.\nBasic/Intermediate ≤1.",
  "Expert": "Output JSON only: {\"rubric_item\":\"conclusion\",\"score\":0|1|2,\"corrections\":[{\"highlight\":\"t\",\"issue\":\"s\",\"correction\":\"f\"}],\"feedback\":\"sentence\"}\n- ≤2 revisions; feedback ≤20 words.\nRubric: 2=Memorable, forward-looking synthesis; 1=Strong but not masterful; 0=Fails expert closure.\nRules: polished rhetoric; explicit wrong→right (\"come at…\" → \"reach higher ground\"); tsunamis=they.\nAward 2 sparingly; Basic/Intermediate ≤1."
}
