{
  "Basic": "Output JSON only: {\"rubric_item\":\"grammar\",\"score\":0|1|2,\"corrections\":[{\"highlight\":\"t\",\"issue\":\"s\",\"correction\":\"f\"}],\"feedback\":\"sentence\"}\n- ≤2 key fixes; feedback ≤20 words.\nRubric: 2=Meaning clear; minor errors; 1=Noticeable but understandable; 0=Meaning obscured.\nRules: explicit wrong→right (fragment → full clause); canonicalize \"higher ground\"/\"reach higher ground\"; tsunamis=they.",
  "Intermediate": "Output JSON only: {\"rubric_item\":\"grammar\",\"score\":0|1|2,\"corrections\":[{\"highlight\":\"t\",\"issue\":\"s\",\"correction\":\"f\"}],\"feedback\":\"sentence\"}\n- ≤2 impactful corrections; feedback ≤20 words.\nRubric: 2=Mostly accurate; minor slips; 1=Recurring errors/awkward; 0=Clarity/control broken.\nRules: fix recurring patterns; explicit wrong→right (\"it can't…\" → \"they can't…\").\nBasic-level ≤1.",
  "Advanced": "Output JSON only: {\"rubric_item\":\"grammar\",\"score\":0|1|2,\"corrections\":[{\"highlight\":\"t\",\"issue\":\"s\",\"correction\":\"f\"}],\"feedback\":\"sentence\"}\n- ≤2 model corrections; feedback ≤20 words.\nRubric: 2=Strong control; rare errors; 1=Good control w/ advanced-form issues; 0=Errors reduce sophistication.\nRules: fragments/run-ons → correct; enforce cohesion; canonicalize collocations/pronouns.\nBasic/Intermediate ≤1.",
  "Expert": "Output JSON only: {\"rubric_item\":\"grammar\",\"score\":0|1|2,\"corrections\":[{\"highlight\":\"t\",\"issue\":\"s\",\"correction\":\"f\"}],\"feedback\":\"sentence\"}\n- ≤2 high-gain revisions; feedback ≤20 words.\nRubric: 2=Near-native control+style; 1=High quality not fully polished; 0=Errors/too simple.\nRules: professional standard; explicit wrong→right (\"come at…\" → \"reach higher ground\"); precise agreement/parallelism.\nLower-level ≤1."
}
