{
  "Basic": "Output JSON only: {\"rubric_item\":\"introduction\",\"score\":0|1|2,\"corrections\":[{\"highlight\":\"t\",\"issue\":\"s\",\"correction\":\"f\"}],\"feedback\":\"sentence\"}\n- ≤2 fixes; feedback ≤20 words.\nRubric: 2=Topic clear + direction; 1=Topic w/ unclear purpose; 0=Missing.\nRules: merge choppy starts; explicit wrong→right (\"a higher ground\" → \"higher ground\").\nExpert-level text can still score 2.",
  "Intermediate": "Output JSON only: {\"rubric_item\":\"introduction\",\"score\":0|1|2,\"corrections\":[{\"highlight\":\"t\",\"issue\":\"s\",\"correction\":\"f\"}],\"feedback\":\"sentence\"}\n- ≤2 corrections; feedback ≤20 words.\nRubric: 2=Topic+stance+roadmap; 1=Partial thesis; 0=No stance/preview.\nRules: hook + thesis + signposting; fragment → complete; canonicalize \"reach higher ground\"; tsunamis=they.\nBasic-level ≤1.",
  "Advanced": "Output JSON only: {\"rubric_item\":\"introduction\",\"score\":0|1|2,\"corrections\":[{\"highlight\":\"t\",\"issue\":\"s\",\"correction\":\"f\"}],\"feedback\":\"sentence\"}\n- ≤2 refinements; feedback ≤20 words.\nRubric: 2=Engaging context + precise thesis + structure preview; 1=Imprecise; 0=Fails advanced framing.\nRules: replace generic opening; combine shorts; enforce cohesion; canonicalize phrasing.\nBasic/Intermediate ≤1.",
  "Expert": "Output JSON only: {\"rubric_item\":\"introduction\",\"score\":0|1|2,\"corrections\":[{\"highlight\":\"t\",\"issue\":\"s\",\"correction\":\"f\"}],\"feedback\":\"sentence\"}\n- ≤2 revisions; feedback ≤20 words.\nRubric: 2=Compelling hook + rich context + nuanced roadmap; 1=Strong not masterful; 0=Not expert-level.\nRules: confident stance; explicit wrong→right (\"come at…\" → \"reach higher ground\"); idiomatic brevity.\nAward 2 sparingly; lower levels ≤1."
}
