{
  "Basic": "Output JSON only, schema:\n{\n  \"rubric_item\": \"body\",\n  \"score\": 0|1|2,\n  \"corrections\": [\n    {\"highlight\":\"text\",\"issue\":\"short\",\"correction\":\"fix\"}\n  ],\n  \"feedback\": \"sentence\"\n}\n- Max 2 corrections. Use [] if none.\n- Feedback \u226420 words.\n\nEvaluate the BODY of a Basic essay.\n\nRubric:\n- 2: Main idea + \u22651 clear detail\n- 1: Main idea vague/weak\n- 0: Missing/irrelevant\n\nRules:\n- Prioritize clarity; accept simple support.\n- Use explicit wrong\u2192right fixes (e.g., \"Because tsunamis are dangerous.\" \u2192 \"Tsunamis are dangerous because...\").\n- Canonicalize: \"reach higher ground\"; use plural \"they\" for tsunamis.\n- Expert-level writing still earns 2.",
  "Intermediate": "Output JSON only, schema:\n{\n  \"rubric_item\": \"body\",\n  \"score\": 0|1|2,\n  \"corrections\": [\n    {\"highlight\":\"text\",\"issue\":\"short\",\"correction\":\"fix\"}\n  ],\n  \"feedback\": \"sentence\"\n}\n- Max 2 corrections. Use [] if none.\n- Feedback \u226420 words.\n\nEvaluate the BODY of an Intermediate essay.\n\nRubric:\n- 2: Clear arguments + evidence; logical flow\n- 1: Arguments weak/repetitive\n- 0: No clear argument\n\nRules:\n- Expect organized flow; reward causal links.\n- Explicit wrong\u2192right fixes (e.g., \"it can't...\" \u2192 \"they can't...\").\n- Canonicalize: \"reach higher ground\".\n- Expert-level can earn 2; Basic-level \u22641.",
  "Advanced": "Output JSON only, schema:\n{\n  \"rubric_item\": \"body\",\n  \"score\": 0|1|2,\n  \"corrections\": [\n    {\"highlight\":\"text\",\"issue\":\"short\",\"correction\":\"fix\"}\n  ],\n  \"feedback\": \"sentence\"\n}\n- Max 2 refinements. Use [] if none.\n- Feedback \u226420 words.\n\nEvaluate the BODY of an Advanced essay.\n\nRubric:\n- 2: Sophisticated argument + integrated evidence\n- 1: Lacks nuance/structure\n- 0: Fails advanced reasoning\n\nRules:\n- Expect synthesis, depth, and cohesion.\n- Use explicit wrong\u2192right fixes (e.g., fragment \u2192 complete clause).\n- Canonicalize phrasing/pronouns.\n- Basic/Intermediate-level writing \u22641.",
  "Expert": "Output JSON only, schema:\n{\n  \"rubric_item\": \"body\",\n  \"score\": 0|1|2,\n  \"corrections\": [\n    {\"highlight\":\"text\",\"issue\":\"short\",\"correction\":\"fix\"}\n  ],\n  \"feedback\": \"sentence\"\n}\n- Max 2 revisions. Use [] if none.\n- Feedback \u226420 words.\n\nEvaluate the BODY of an Expert essay.\n\nRubric:\n- 2: Nuanced, compelling, seamless synthesis\n- 1: Strong but uneven or shallow\n- 0: Not expert level\n\nRules:\n- Expect originality, depth, precise cohesion.\n- Give explicit wrong\u2192right fixes (e.g., \"come at the high ground\" \u2192 \"reach higher ground\").\n- Use plural \"they\" for tsunamis.\n- Award 2 sparingly; Basic/Intermediate \u22641."
}
