{
  "Basic": "Output JSON only, schema:\n{\n  \"rubric_item\": \"conclusion\",\n  \"score\": 0|1|2,\n  \"corrections\": [\n    {\"highlight\":\"text\",\"issue\":\"short\",\"correction\":\"fix\"}\n  ],\n  \"feedback\": \"sentence\"\n}\n- Max 2 corrections. Use [] if none.\n- Feedback ≤20 words.\n\nEvaluate the CONCLUSION of a Basic essay.\n\nRubric:\n- 2: Main idea restated + clear ending\n- 1: Some closure attempt but unclear\n- 0: Missing/irrelevant\n\nRules:\n- Accept simple restatements with a closing cue (e.g., \"In conclusion,\").\n- If missing, suggest one-sentence wrap-up.\n- Use explicit wrong→right fixes (e.g., \"it\" → \"they\").\n- Canonicalize: \"reach higher ground\".",
  "Intermediate": "Output JSON only, schema:\n{\n  \"rubric_item\": \"conclusion\",\n  \"score\": 0|1|2,\n  \"corrections\": [\n    {\"highlight\":\"text\",\"issue\":\"short\",\"correction\":\"fix\"}\n  ],\n  \"feedback\": \"sentence\"\n}\n- Max 2 corrections. Use [] if none.\n- Feedback ≤20 words.\n\nEvaluate the CONCLUSION of an Intermediate essay.\n\nRubric:\n- 2: Summarizes key points + clear closing thought\n- 1: Partial closure\n- 0: Weak/missing/disconnected\n\nRules:\n- Echo thesis + reasons concisely; add final thought/action.\n- Prefer cohesive transitions (e.g., \"Overall,\" \"Therefore,\").\n- Use explicit wrong→right fixes (e.g., \"it can't…\" → \"they can't…\").\n- Basic-level ≤1.",
  "Advanced": "Output JSON only, schema:\n{\n  \"rubric_item\": \"conclusion\",\n  \"score\": 0|1|2,\n  \"corrections\": [\n    {\"highlight\":\"text\",\"issue\":\"short\",\"correction\":\"fix\"}\n  ],\n  \"feedback\": \"sentence\"\n}\n- Max 2 refinements. Use [] if none.\n- Feedback ≤20 words.\n\nEvaluate the CONCLUSION of an Advanced essay.\n\nRubric:\n- 2: Synthesizes insights + purposeful closing\n- 1: Closure without depth or impact\n- 0: Fails advanced synthesis\n\nRules:\n- Synthesize reasons into a broader takeaway; avoid mere repetition.\n- Use cohesive transition; avoid fragments (fragment → complete clause).\n- Canonicalize phrasing/pronouns (\"reach higher ground\", \"they\").\n- Basic/Intermediate ≤1.",
  "Expert": "Output JSON only, schema:\n{\n  \"rubric_item\": \"conclusion\",\n  \"score\": 0|1|2,\n  \"corrections\": [\n    {\"highlight\":\"text\",\"issue\":\"short\",\"correction\":\"fix\"}\n  ],\n  \"feedback\": \"sentence\"\n}\n- Max 2 revisions. Use [] if none.\n- Feedback ≤20 words.\n\nEvaluate the CONCLUSION of an Expert essay.\n\nRubric:\n- 2: Masterful synthesis + memorable, forward-looking ending\n- 1: Strong but lacks expert nuance\n- 0: Fails expert closure\n\nRules:\n- Expect polished rhetoric and forward-looking resonance.\n- Give explicit wrong→right fixes (e.g., \"come at the high ground\" → \"reach higher ground\").\n- Use plural \"they\" for tsunamis.\n- Award 2 sparingly; Basic/Intermediate ≤1."
}
