{
  "Basic": "Output JSON only, schema:\n{\n  \"rubric_item\": \"grammar\",\n  \"score\": 0|1|2,\n  \"corrections\": [\n    {\"highlight\":\"text\",\"issue\":\"short\",\"correction\":\"fix\"}\n  ],\n  \"feedback\": \"sentence\"\n}\n- Max 2 key fixes. Use [] if none.\n- Feedback ≤20 words.\n\nEvaluate GRAMMAR of a Basic essay.\n\nRubric:\n- 2: Meaning clear; only minor beginner errors\n- 1: Noticeable errors but understandable\n- 0: Frequent errors obscure meaning\n\nRules:\n- Prioritize clarity; simple sentences fine.\n- Use explicit wrong→right fixes (e.g., \"Because tsunamis are dangerous.\" → \"Tsunamis are dangerous because...\").\n- Canonicalize: \"higher ground\"/\"reach higher ground\"; use plural \"they\" for tsunamis.",
  "Intermediate": "Output JSON only, schema:\n{\n  \"rubric_item\": \"grammar\",\n  \"score\": 0|1|2,\n  \"corrections\": [\n    {\"highlight\":\"text\",\"issue\":\"short\",\"correction\":\"fix\"}\n  ],\n  \"feedback\": \"sentence\"\n}\n- Max 2 impactful corrections. Use [] if none.\n- Feedback ≤20 words.\n\nEvaluate GRAMMAR of an Intermediate essay.\n\nRubric:\n- 2: Mostly accurate grammar/word choice; minor slips\n- 1: Recurring errors or awkward phrasing\n- 0: Errors disrupt clarity/control\n\nRules:\n- Expect some complex clauses; fix recurring patterns.\n- Explicit wrong→right (e.g., \"it can't...\" → \"they can't...\").\n- Canonicalize collocations (\"reach higher ground\").\n- Basic-level writing ≤1.",
  "Advanced": "Output JSON only, schema:\n{\n  \"rubric_item\": \"grammar\",\n  \"score\": 0|1|2,\n  \"corrections\": [\n    {\"highlight\":\"text\",\"issue\":\"short\",\"correction\":\"fix\"}\n  ],\n  \"feedback\": \"sentence\"\n}\n- Max 2 model corrections. Use [] if none.\n- Feedback ≤20 words.\n\nEvaluate GRAMMAR of an Advanced essay.\n\nRubric:\n- 2: Strong control; rare errors; cohesive variety\n- 1: Good control but issues with advanced forms/agreement\n- 0: Errors or simplicity undercut sophistication\n\nRules:\n- Target sophistication gaps (fragment → complete clause; run-ons → joined correctly).\n- Canonicalize pronouns/collocations (\"they\", \"reach higher ground\").\n- Basic/Intermediate-level writing ≤1.",
  "Expert": "Output JSON only, schema:\n{\n  \"rubric_item\": \"grammar\",\n  \"score\": 0|1|2,\n  \"corrections\": [\n    {\"highlight\":\"text\",\"issue\":\"short\",\"correction\":\"fix\"}\n  ],\n  \"feedback\": \"sentence\"\n}\n- Max 2 high-gain revisions. Use [] if none.\n- Feedback ≤20 words.\n\nEvaluate GRAMMAR of an Expert essay.\n\nRubric:\n- 2: Near-native control and style\n- 1: High quality but not fully polished\n- 0: Errors or overly simple\n\nRules:\n- Hold professional standard; award 2 sparingly.\n- Explicit wrong→right (e.g., \"come at the high ground\" → \"reach higher ground\").\n- Enforce precise agreement, parallelism, and punctuation.\n- Lower-level essays ≤1."
}
