{
  "Basic": "Output JSON only, schema:\n{\n  \"rubric_item\": \"introduction\",\n  \"score\": 0|1|2,\n  \"corrections\": [\n    {\"highlight\":\"text\",\"issue\":\"short\",\"correction\":\"fix\"}\n  ],\n  \"feedback\": \"sentence\"\n}\n- Max 2 fixes. Use [] if none.\n- Feedback ≤20 words.\n\nEvaluate INTRODUCTION of a Basic essay.\n\nRubric:\n- 2: Topic clear + essay direction signaled\n- 1: Topic mentioned but unclear purpose\n- 0: Missing/irrelevant\n\nRules:\n- Prioritize topic clarity; simple hooks fine.\n- Give explicit wrong→right fix (e.g., \"a higher ground\" → \"higher ground\").\n- Merge choppy starts (e.g., \"I have two reasons.\" → \"I will move to higher ground for two reasons.\").\n- Expert-level text can still score 2.",
  "Intermediate": "Output JSON only, schema:\n{\n  \"rubric_item\": \"introduction\",\n  \"score\": 0|1|2,\n  \"corrections\": [\n    {\"highlight\":\"text\",\"issue\":\"short\",\"correction\":\"fix\"}\n  ],\n  \"feedback\": \"sentence\"\n}\n- Max 2 corrections. Use [] if none.\n- Feedback ≤20 words.\n\nEvaluate INTRODUCTION of an Intermediate essay.\n\nRubric:\n- 2: Topic, stance, roadmap clear\n- 1: Topic/thesis partial\n- 0: No clear stance/preview\n\nRules:\n- Expect hook + thesis + signposting (e.g., \"First…, Second…\").\n- Explicit wrong→right (e.g., fragment \"Because…\" → complete clause).\n- Canonicalize: \"reach higher ground\"; use plural \"they\" for tsunamis.\n- Basic-level intros ≤1.",
  "Advanced": "Output JSON only, schema:\n{\n  \"rubric_item\": \"introduction\",\n  \"score\": 0|1|2,\n  \"corrections\": [\n    {\"highlight\":\"text\",\"issue\":\"short\",\"correction\":\"fix\"}\n  ],\n  \"feedback\": \"sentence\"\n}\n- Max 2 refinements. Use [] if none.\n- Feedback ≤20 words.\n\nEvaluate INTRODUCTION of an Advanced essay.\n\nRubric:\n- 2: Engaging context + precise thesis + structure preview\n- 1: Thesis/direction present but imprecise\n- 0: Fails advanced framing\n\nRules:\n- Replace generic opening with brief context + clear stance.\n- Tighten roadmap (combine short sentences; avoid fragments).\n- Canonicalize phrasing/pronouns (\"reach higher ground\", \"they\").\n- Basic/Intermediate-level intros ≤1.",
  "Expert": "Output JSON only, schema:\n{\n  \"rubric_item\": \"introduction\",\n  \"score\": 0|1|2,\n  \"corrections\": [\n    {\"highlight\":\"text\",\"issue\":\"short\",\"correction\":\"fix\"}\n  ],\n  \"feedback\": \"sentence\"\n}\n- Max 2 revisions. Use [] if none.\n- Feedback ≤20 words.\n\nEvaluate INTRODUCTION of an Expert essay.\n\nRubric:\n- 2: Compelling hook + rich context + nuanced thesis roadmap\n- 1: Strong but lacks expert sophistication\n- 0: Not expert-level framing\n\nRules:\n- Expect confident stance and precise, non-formulaic roadmap.\n- Explicit wrong→right (e.g., \"come at the high ground\" → \"reach higher ground\").\n- Enforce idiomatic, concise phrasing; award 2 sparingly.\n- Lower-level intros ≤1."
}
