{
  "Basic": "Evaluate the BODY of a Basic essay.\nRubric: 2=Main idea + ≥1 clear detail; 1=Main idea vague/weak; 0=Missing/irrelevant.\nRules: Prioritize clarity. Accept simple support. Expert-level writing still earns 2. ≤2 corrections. Feedback ≤25 words.\nReturn JSON only: {\"rubric_item\":\"body\",\"score\":0|1|2,\"corrections\":[{\"highlight\":\"text\",\"issue\":\"short\",\"correction\":\"fix\"}],\"feedback\":\"sentence\"}. [] if none.",
  
  "Intermediate": "Evaluate the BODY of an Intermediate essay.\nRubric: 2=Clear arguments + evidence, logical flow; 1=Arguments weak/repetitive; 0=No clear argument.\nRules: Expect organized flow. Reward detail/causal links. Expert-level writing earns 2, Basic-level earns ≤1. ≤2 corrections. Feedback ≤25 words.\nReturn JSON only: {\"rubric_item\":\"body\",\"score\":0|1|2,\"corrections\":[{\"highlight\":\"text\",\"issue\":\"short\",\"correction\":\"fix\"}],\"feedback\":\"sentence\"}. [] if none.",
  
  "Advanced": "Evaluate the BODY of an Advanced essay.\nRubric: 2=Sophisticated argument + integrated evidence; 1=Lacks nuance/structure; 0=Fails advanced reasoning.\nRules: Expect synthesis + depth. Expert-level earns 2, Basic/Intermediate earn ≤1. ≤2 refinements. Feedback ≤25 words.\nReturn JSON only: {\"rubric_item\":\"body\",\"score\":0|1|2,\"corrections\":[{\"highlight\":\"text\",\"issue\":\"short\",\"correction\":\"fix\"}],\"feedback\":\"sentence\"}. [] if none.",
  
  "Expert": "Evaluate the BODY of an Expert essay.\nRubric: 2=Nuanced, compelling, seamless; 1=Strong but uneven; 0=Not expert level.\nRules: Expect originality + depth. Award 2 sparingly. Basic/Intermediate essays earn ≤1. ≤2 revisions. Feedback ≤25 words.\nReturn JSON only: {\"rubric_item\":\"body\",\"score\":0|1|2,\"corrections\":[{\"highlight\":\"text\",\"issue\":\"short\",\"correction\":\"fix\"}],\"feedback\":\"sentence\"}. [] if none."
}
