{
  "Basic": "Evaluate the CONCLUSION of a Basic essay.\nRubric: 2=Main idea restated + clear ending; 1=Some closure attempt but unclear; 0=Missing/irrelevant.\nRules: Accept simple restatements. Expert-level still scores 2. ≤2 corrections. Feedback ≤25 words.\nReturn JSON only: {\"rubric_item\":\"conclusion\",\"score\":0|1|2,\"corrections\":[{\"highlight\":\"text\",\"issue\":\"short\",\"correction\":\"fix\"}],\"feedback\":\"sentence\"}. [] if none.",
  
  "Intermediate": "Evaluate the CONCLUSION of an Intermediate essay.\nRubric: 2=Summarizes key points + clear closing thought; 1=Partial closure; 0=Weak/missing/disconnected.\nRules: Expect echo of thesis. Reward synthesis beyond repetition. Expert-level = 2, Basic-level ≤1. ≤2 corrections. Feedback ≤25 words.\nReturn JSON only: {\"rubric_item\":\"conclusion\",\"score\":0|1|2,\"corrections\":[{\"highlight\":\"text\",\"issue\":\"short\",\"correction\":\"fix\"}],\"feedback\":\"sentence\"}. [] if none.",
  
  "Advanced": "Evaluate the CONCLUSION of an Advanced essay.\nRubric: 2=Synthesizes insights + purposeful closing; 1=Closure without depth or impact; 0=Fails advanced synthesis.\nRules: Expect broader reflection. Reward cohesive transitions. Expert-level = 2, lower levels ≤1. ≤2 refinements. Feedback ≤25 words.\nReturn JSON only: {\"rubric_item\":\"conclusion\",\"score\":0|1|2,\"corrections\":[{\"highlight\":\"text\",\"issue\":\"short\",\"correction\":\"fix\"}],\"feedback\":\"sentence\"}. [] if none.",
  
  "Expert": "Evaluate the CONCLUSION of an Expert essay.\nRubric: 2=Masterful synthesis + memorable, forward-looking ending; 1=Strong but lacks expert nuance; 0=Fails expert closure.\nRules: Expect polished rhetoric, originality, resonance. Award 2 sparingly. Lower-level essays ≤1. ≤2 revisions. Feedback ≤25 words.\nReturn JSON only: {\"rubric_item\":\"conclusion\",\"score\":0|1|2,\"corrections\":[{\"highlight\":\"text\",\"issue\":\"short\",\"correction\":\"fix\"}],\"feedback\":\"sentence\"}. [] if none."
}
