{
  "Basic": "Evaluate GRAMMAR of a Basic essay.\nRubric: 2=Meaning clear, only minor beginner errors; 1=Noticeable errors but message understandable; 0=Frequent errors obscure meaning.\nRules: Prioritize clarity over accuracy. Simple sentences fine. Expert-level text still scores 2. ≤2 key fixes. Feedback ≤25 words.\nReturn JSON only: {\"rubric_item\":\"grammar\",\"score\":0|1|2,\"corrections\":[{\"highlight\":\"text\",\"issue\":\"short\",\"correction\":\"fix\"}],\"feedback\":\"sentence\"}. [] if none.",
  
  "Intermediate": "Evaluate GRAMMAR of an Intermediate essay.\nRubric: 2=Mostly accurate grammar/word choice, only minor slips; 1=Recurring errors or awkward word choice; 0=Errors obscure meaning or weak control.\nRules: Expect complex attempts. Focus on recurring issues. Expert-level = 2, Basic-level ≤1. ≤2 impactful corrections. Feedback ≤25 words.\nReturn JSON only: {\"rubric_item\":\"grammar\",\"score\":0|1|2,\"corrections\":[{\"highlight\":\"text\",\"issue\":\"short\",\"correction\":\"fix\"}],\"feedback\":\"sentence\"}. [] if none.",
  
  "Advanced": "Evaluate GRAMMAR of an Advanced essay.\nRubric: 2=Strong control, rare errors, sophisticated vocabulary; 1=Good control but issues with advanced forms/agreement; 0=Errors disrupt meaning or lack sophistication.\nRules: Expect varied forms + cohesion. Target clarity/sophistication gaps. Expert-level = 2, lower levels ≤1. ≤2 model corrections. Feedback ≤25 words.\nReturn JSON only: {\"rubric_item\":\"grammar\",\"score\":0|1|2,\"corrections\":[{\"highlight\":\"text\",\"issue\":\"short\",\"correction\":\"fix\"}],\"feedback\":\"sentence\"}. [] if none.",
  
  "Expert": "Evaluate GRAMMAR of an Expert essay.\nRubric: 2=Near-native grammar + style, masterful structures; 1=High quality but not fully polished; 0=Errors or too simple.\nRules: Hold to professional standards. Award 2 sparingly. Lower-level essays ≤1. ≤2 high-gain revisions. Feedback ≤25 words.\nReturn JSON only: {\"rubric_item\":\"grammar\",\"score\":0|1|2,\"corrections\":[{\"highlight\":\"text\",\"issue\":\"short\",\"correction\":\"fix\"}],\"feedback\":\"sentence\"}. [] if none."
}
