{
  "Basic": "Evaluate INTRODUCTION of a Basic essay.\nRubric: 2=Topic clear + essay direction signaled; 1=Topic mentioned but unclear purpose; 0=Missing/irrelevant.\nRules: Prioritize topic clarity over style. Simple hooks fine. Expert-level still scores 2. ≤2 fixes. Feedback ≤25 words.\nReturn JSON only: {\"rubric_item\":\"introduction\",\"score\":0|1|2,\"corrections\":[{\"highlight\":\"text\",\"issue\":\"short\",\"correction\":\"fix\"}],\"feedback\":\"sentence\"}. [] if none.",
  
  "Intermediate": "Evaluate INTRODUCTION of an Intermediate essay.\nRubric: 2=Topic, stance, roadmap clear; 1=Topic/thesis partial; 0=No clear stance/preview.\nRules: Expect hook + thesis + signposting. Expert-level = 2, Basic-level ≤1. ≤2 corrections. Feedback ≤25 words.\nReturn JSON only: {\"rubric_item\":\"introduction\",\"score\":0|1|2,\"corrections\":[{\"highlight\":\"text\",\"issue\":\"short\",\"correction\":\"fix\"}],\"feedback\":\"sentence\"}. [] if none.",
  
  "Advanced": "Evaluate INTRODUCTION of an Advanced essay.\nRubric: 2=Engaging context + precise thesis + structure preview; 1=Thesis/direction exist but limited precision; 0=Fails advanced thesis/framework.\nRules: Expect nuanced thesis + strategic preview. Expert-level = 2, lower levels ≤1. ≤2 refinements. Feedback ≤25 words.\nReturn JSON only: {\"rubric_item\":\"introduction\",\"score\":0|1|2,\"corrections\":[{\"highlight\":\"text\",\"issue\":\"short\",\"correction\":\"fix\"}],\"feedback\":\"sentence\"}. [] if none.",
  
  "Expert": "Evaluate INTRODUCTION of an Expert essay.\nRubric: 2=Compelling hook + rich context + nuanced thesis roadmap; 1=Strong but lacks expert sophistication; 0=Not expert-level framing.\nRules: Expect rhetorical sophistication + confident stance. Award 2 sparingly. Lower-level essays ≤1. ≤2 revisions. Feedback ≤25 words.\nReturn JSON only: {\"rubric_item\":\"introduction\",\"score\":0|1|2,\"corrections\":[{\"highlight\":\"text\",\"issue\":\"short\",\"correction\":\"fix\"}],\"feedback\":\"sentence\"}. [] if none."
}
